Employee_ID,Department,Tenure_Years,Salary,Performance_Rating,Satisfaction_Score,Remote_Work
EMP-0001,Marketing,6.3,96990.67,3,5.5,Full Remote
EMP-0002,Product,8.2,124926.66,3,4.3,Hybrid
EMP-0003,Sales,7.3,118329.87,3,4.8,Hybrid
EMP-0004,Engineering,4.7,149347.99,4,5.5,Full Remote
EMP-0005,Marketing,4.5,102535.1,3,6.2,Full Remote
EMP-0006,Customer Success,7.4,78689.23,3,4.2,Full Remote
EMP-0007,Engineering,1.6,117477.41,4,5.9,Full Remote
EMP-0008,Engineering,6.4,133054.76,3,6.0,Full Remote
EMP-0009,Human Resources,7.4,98495.81,4,6.4,On-Site
EMP-0010,Engineering,4.2,127425.79,4,7.6,Full Remote
EMP-0011,Human Resources,5.8,78660.13,5,9.4,Hybrid
EMP-0012,Sales,3.4,86583.76,4,6.0,On-Site
EMP-0013,Sales,9.1,107266.33,3,6.2,Full Remote
EMP-0014,Sales,6.5,106555.36,3,6.0,Full Remote
EMP-0015,Engineering,6.3,144348.96,3,3.9,Full Remote
EMP-0016,Engineering,7.7,156525.03,4,7.4,Full Remote
EMP-0017,Product,0.6,103722.5,4,7.4,Full Remote
EMP-0018,Product,9.2,158796.09,3,4.9,Full Remote
EMP-0019,Marketing,2.6,90583.81,3,5.3,Full Remote
EMP-0020,Engineering,4.7,152493.73,2,2.7,Full Remote
EMP-0021,Product,9.0,148499.72,3,6.0,On-Site
EMP-0022,Sales,6.3,127836.61,3,5.9,Hybrid
EMP-0023,Engineering,2.7,116203.5,3,5.6,On-Site
EMP-0024,Product,4.0,127880.69,3,6.2,On-Site
EMP-0025,Customer Success,6.5,85936.82,2,3.7,Hybrid
EMP-0026,Marketing,3.8,88454.44,3,3.9,On-Site
EMP-0027,Marketing,2.3,84623.77,3,4.4,On-Site
EMP-0028,Sales,2.5,116382.64,4,7.0,Full Remote
EMP-0029,Marketing,3.2,79720.17,5,7.1,Full Remote
EMP-0030,Sales,7.8,102031.96,3,6.2,Full Remote
EMP-0031,Marketing,8.1,93215.87,1,2.8,On-Site
EMP-0032,Product,1.8,103939.0,1,2.0,Hybrid
EMP-0033,Human Resources,8.6,110516.55,3,4.9,Full Remote
EMP-0034,Sales,2.8,108087.29,3,4.8,On-Site
EMP-0035,Customer Success,4.6,80960.24,3,4.3,Full Remote
EMP-0036,Sales,8.3,125262.75,5,8.4,Hybrid
EMP-0037,Engineering,2.4,113623.76,3,6.0,Full Remote
EMP-0038,Engineering,2.3,137026.07,2,3.3,Hybrid
EMP-0039,Product,8.0,135995.55,3,5.1,Full Remote
EMP-0040,Marketing,3.8,96065.26,5,9.1,Full Remote
EMP-0041,Human Resources,8.1,102910.41,4,7.3,Hybrid
EMP-0042,Sales,4.9,77378.91,5,7.2,Full Remote
EMP-0043,Product,7.7,149484.87,4,6.3,On-Site
EMP-0044,Engineering,8.6,166170.45,4,7.6,On-Site
EMP-0045,Sales,1.1,81314.02,3,5.1,On-Site
EMP-0046,Engineering,1.9,124522.3,4,6.6,On-Site
EMP-0047,Engineering,1.6,134303.47,4,7.6,Hybrid
EMP-0048,Sales,6.1,115181.59,3,5.0,Full Remote
EMP-0049,Engineering,9.0,171942.39,3,4.7,Full Remote
EMP-0050,Product,9.1,160595.72,5,8.1,Hybrid
EMP-0051,Product,6.1,146137.23,2,4.1,Full Remote
EMP-0052,Sales,7.9,129882.93,3,6.1,On-Site
EMP-0053,Engineering,4.3,120327.73,5,7.4,Full Remote
EMP-0054,Sales,6.9,87357.34,4,7.6,Full Remote
EMP-0055,Marketing,1.2,75196.79,3,5.6,Hybrid
EMP-0056,Customer Success,5.1,90169.15,2,4.4,Hybrid
EMP-0057,Engineering,5.5,161879.18,3,4.4,On-Site
EMP-0058,Engineering,5.1,137767.12,2,3.0,On-Site
EMP-0059,Sales,2.7,99590.44,5,7.4,On-Site
EMP-0060,Engineering,8.6,156157.59,3,4.7,On-Site
EMP-0061,Human Resources,8.8,98331.42,2,3.9,Full Remote
EMP-0062,Product,5.5,129170.65,1,2.0,Hybrid
EMP-0063,Marketing,7.5,92001.48,4,5.5,On-Site
EMP-0064,Marketing,6.1,93725.55,3,5.3,Hybrid
EMP-0065,Sales,1.5,89169.93,3,6.1,Hybrid
EMP-0066,Engineering,4.0,132891.48,3,4.7,Full Remote
EMP-0067,Marketing,7.1,106329.54,4,7.7,Hybrid
EMP-0068,Sales,2.2,104378.59,2,3.6,Full Remote
EMP-0069,Engineering,4.9,121733.88,4,7.8,On-Site
EMP-0070,Engineering,8.4,173865.19,3,5.7,Hybrid
EMP-0071,Engineering,2.0,122377.59,3,5.3,On-Site
EMP-0072,Sales,4.8,127383.37,2,3.3,Hybrid
EMP-0073,Engineering,7.2,129847.35,4,7.1,Hybrid
EMP-0074,Customer Success,5.1,83899.85,3,4.5,On-Site
EMP-0075,Product,7.0,119770.76,2,4.3,On-Site
EMP-0076,Sales,4.4,104203.79,1,2.5,On-Site
EMP-0077,Product,2.2,126222.47,2,3.4,Hybrid
EMP-0078,Engineering,2.7,131577.84,3,4.6,Hybrid
EMP-0079,Sales,2.9,79855.76,3,4.7,Hybrid
EMP-0080,Product,6.4,151200.09,2,3.2,Hybrid
EMP-0081,Product,7.4,147355.22,5,7.2,Hybrid
EMP-0082,Human Resources,7.1,90200.79,3,5.7,Full Remote
EMP-0083,Sales,7.8,126640.65,4,6.1,On-Site
EMP-0084,Engineering,7.3,165248.72,4,5.5,Hybrid
EMP-0085,Sales,6.8,132933.48,3,4.8,Hybrid
EMP-0086,Product,7.0,145157.9,3,5.0,On-Site
EMP-0087,Customer Success,0.9,62835.49,3,5.3,Full Remote
EMP-0088,Sales,2.9,113205.37,3,4.6,On-Site
EMP-0089,Sales,7.7,120747.08,3,4.6,Full Remote
EMP-0090,Marketing,6.6,111552.71,1,1.0,On-Site
EMP-0091,Sales,6.0,111115.67,3,4.3,On-Site
EMP-0092,Engineering,8.5,135439.04,4,6.0,On-Site
EMP-0093,Engineering,8.2,164601.92,4,7.7,Hybrid
EMP-0094,Marketing,2.2,92947.86,2,2.7,Hybrid
EMP-0095,Sales,2.6,81933.52,4,5.6,Hybrid
EMP-0096,Customer Success,9.1,94146.52,4,6.4,Full Remote
EMP-0097,Sales,4.8,116623.78,3,5.8,Hybrid
EMP-0098,Product,0.7,99225.11,3,6.3,On-Site
EMP-0099,Engineering,8.7,134889.74,4,6.4,Hybrid
EMP-0100,Marketing,6.7,109069.72,4,7.8,Full Remote
EMP-0101,Sales,8.6,95246.43,3,6.1,Hybrid
EMP-0102,Engineering,6.4,135729.99,3,4.0,On-Site
EMP-0103,Product,7.0,150185.77,3,6.3,Hybrid
EMP-0104,Product,8.5,129007.01,2,4.3,Hybrid
EMP-0105,Marketing,5.7,97448.24,2,4.2,Hybrid
EMP-0106,Sales,5.1,106667.75,4,6.9,Full Remote
EMP-0107,Product,8.7,126712.25,3,4.3,On-Site
EMP-0108,Customer Success,6.6,81431.11,3,3.8,On-Site
EMP-0109,Engineering,2.3,137237.78,3,4.1,Full Remote
EMP-0110,Engineering,5.6,140007.57,3,5.1,On-Site
EMP-0111,Customer Success,8.9,83478.83,3,5.7,On-Site
EMP-0112,Engineering,1.1,120195.38,3,6.1,Full Remote
EMP-0113,Marketing,9.1,107637.21,3,4.1,On-Site
EMP-0114,Engineering,1.5,148000.99,1,1.3,Hybrid
EMP-0115,Product,2.6,127356.42,3,5.3,Hybrid
EMP-0116,Customer Success,1.7,64569.21,4,5.5,Hybrid
EMP-0117,Engineering,5.4,153757.44,3,6.0,Full Remote
EMP-0118,Engineering,3.9,132393.44,3,5.7,Full Remote
EMP-0119,Product,1.9,120282.14,4,6.7,Hybrid
EMP-0120,Product,6.9,123710.13,3,3.9,Hybrid
EMP-0121,Customer Success,3.7,85196.1,3,5.3,Hybrid
EMP-0122,Sales,1.3,106422.45,3,4.5,Hybrid
EMP-0123,Engineering,3.0,130668.87,2,3.0,Hybrid
EMP-0124,Human Resources,1.0,69932.32,2,4.2,Hybrid
EMP-0125,Sales,5.5,122621.04,4,6.8,On-Site
EMP-0126,Engineering,4.9,142209.74,4,6.1,Full Remote
EMP-0127,Engineering,1.1,148105.92,4,7.9,Hybrid
EMP-0128,Sales,4.4,116649.14,5,8.3,Hybrid
EMP-0129,Marketing,9.4,122014.31,3,4.7,Full Remote
EMP-0130,Human Resources,3.4,92414.61,3,4.0,Hybrid
EMP-0131,Marketing,7.2,103868.56,3,4.2,Hybrid
EMP-0132,Marketing,2.7,99158.96,4,7.1,Hybrid
EMP-0133,Sales,4.9,78618.34,1,1.0,Hybrid
EMP-0134,Customer Success,4.3,83932.25,4,7.8,On-Site
EMP-0135,Engineering,1.9,138828.86,2,3.5,Hybrid
EMP-0136,Engineering,4.4,155067.49,5,8.2,Full Remote
EMP-0137,Engineering,8.7,139239.56,3,5.3,Hybrid
EMP-0138,Marketing,9.5,106683.84,3,6.0,Hybrid
EMP-0139,Engineering,6.5,136394.98,2,4.2,Hybrid
EMP-0140,Engineering,9.3,173767.16,1,2.6,Full Remote
EMP-0141,Engineering,0.8,122578.09,3,4.5,On-Site
EMP-0142,Sales,5.0,84662.06,3,6.0,Full Remote
EMP-0143,Customer Success,2.6,77040.23,2,2.9,Hybrid
EMP-0144,Engineering,6.3,138919.24,1,1.3,Hybrid
EMP-0145,Engineering,3.8,137192.59,3,5.9,Hybrid
EMP-0146,Sales,6.2,82618.24,3,5.3,Hybrid
EMP-0147,Product,1.3,131892.31,3,4.8,Full Remote
EMP-0148,Sales,3.4,97644.95,3,5.5,Full Remote
EMP-0149,Product,5.8,140827.99,3,4.1,On-Site
EMP-0150,Sales,4.1,80084.94,3,5.3,Full Remote
EMP-0151,Engineering,3.7,136792.31,3,5.3,Full Remote
EMP-0152,Sales,4.1,117426.65,3,4.7,Hybrid
EMP-0153,Engineering,1.5,123442.58,3,4.2,On-Site
EMP-0154,Engineering,8.4,145679.58,5,7.8,On-Site
EMP-0155,Engineering,9.5,141245.81,4,5.4,Full Remote
EMP-0156,Engineering,7.6,156426.01,2,2.4,Full Remote
EMP-0157,Sales,4.4,77155.37,5,7.2,Hybrid
EMP-0158,Human Resources,4.4,87838.01,5,7.6,Hybrid
EMP-0159,Engineering,1.5,145436.67,3,4.9,On-Site
EMP-0160,Engineering,6.6,162658.28,4,6.9,On-Site
EMP-0161,Engineering,7.3,152933.53,2,4.6,On-Site
EMP-0162,Marketing,9.0,107708.37,3,6.1,On-Site
EMP-0163,Engineering,6.3,139843.93,2,4.2,Full Remote
EMP-0164,Product,5.6,129748.48,2,4.5,On-Site
EMP-0165,Engineering,8.6,135792.95,5,7.2,Full Remote
EMP-0166,Product,7.2,144332.66,4,7.7,Full Remote
EMP-0167,Customer Success,4.5,75030.59,4,7.0,Full Remote
EMP-0168,Product,5.2,133867.96,3,5.3,Full Remote
EMP-0169,Marketing,0.8,90964.86,1,1.2,Full Remote
EMP-0170,Human Resources,3.7,89176.07,3,4.4,Hybrid
EMP-0171,Customer Success,7.6,85285.95,3,5.9,Hybrid
EMP-0172,Sales,5.8,83813.94,3,4.7,Hybrid
EMP-0173,Sales,5.6,107223.19,4,6.5,Full Remote
EMP-0174,Sales,0.9,112700.71,5,7.8,On-Site
EMP-0175,Marketing,2.5,85037.69,4,7.2,Full Remote
EMP-0176,Marketing,3.7,82294.85,3,5.3,Hybrid
EMP-0177,Engineering,4.9,157288.14,2,3.7,Hybrid
EMP-0178,Customer Success,7.9,93768.06,3,4.7,On-Site
EMP-0179,Marketing,2.5,73324.85,3,6.3,Hybrid
EMP-0180,Product,1.6,130593.39,4,6.5,Full Remote
EMP-0181,Sales,4.2,90692.22,3,5.5,On-Site
EMP-0182,Engineering,8.6,137620.69,3,5.4,On-Site
EMP-0183,Sales,8.7,115414.6,4,5.8,Hybrid
EMP-0184,Sales,4.4,86938.54,3,5.7,Full Remote
EMP-0185,Engineering,2.2,121351.12,5,8.0,Full Remote
EMP-0186,Engineering,2.8,123145.79,3,4.9,Hybrid
EMP-0187,Engineering,1.3,135421.26,1,1.9,Full Remote
EMP-0188,Engineering,8.3,160453.67,4,6.6,On-Site
EMP-0189,Human Resources,6.9,89020.87,3,4.3,Full Remote
EMP-0190,Engineering,8.6,173555.68,3,4.3,Full Remote
EMP-0191,Engineering,5.6,138132.81,5,8.6,On-Site
EMP-0192,Product,7.0,137110.41,2,3.0,Full Remote
EMP-0193,Sales,1.9,109478.54,1,1.8,Hybrid
EMP-0194,Sales,4.5,93399.15,3,6.3,Full Remote
EMP-0195,Engineering,1.5,143558.41,4,7.3,Full Remote
EMP-0196,Engineering,3.0,151769.78,3,4.3,On-Site
EMP-0197,Sales,2.7,73092.2,4,7.8,Hybrid
EMP-0198,Engineering,8.1,168079.74,5,7.4,Hybrid
EMP-0199,Product,1.7,123339.44,2,4.5,On-Site
EMP-0200,Engineering,9.1,170037.55,4,7.3,Hybrid
EMP-0201,Sales,0.6,88411.97,2,2.6,Hybrid
EMP-0202,Engineering,7.1,142335.11,3,4.7,Hybrid
EMP-0203,Engineering,8.2,148434.94,4,6.6,Hybrid
EMP-0204,Customer Success,4.8,72753.67,4,6.0,Full Remote
EMP-0205,Sales,9.4,126484.73,4,5.5,Full Remote
EMP-0206,Sales,7.6,87116.62,3,5.6,On-Site
EMP-0207,Customer Success,8.6,100927.59,5,7.3,On-Site
EMP-0208,Product,6.0,134116.89,3,3.8,Hybrid
EMP-0209,Customer Success,5.4,84687.7,3,5.5,Full Remote
EMP-0210,Human Resources,3.4,84981.47,2,2.8,Hybrid
EMP-0211,Sales,3.8,122035.01,1,2.8,Full Remote
EMP-0212,Engineering,7.1,134822.16,5,8.8,Hybrid
EMP-0213,Customer Success,3.2,67164.07,3,4.4,Hybrid
EMP-0214,Customer Success,0.6,72353.26,3,4.3,Full Remote
EMP-0215,Marketing,8.0,102868.43,3,6.1,Hybrid
EMP-0216,Engineering,4.1,141156.54,3,5.5,On-Site
EMP-0217,Engineering,7.5,140376.26,2,4.0,Full Remote
EMP-0218,Engineering,7.9,165932.13,3,5.9,Full Remote
EMP-0219,Sales,4.7,110915.54,4,7.7,On-Site
EMP-0220,Customer Success,8.6,89729.11,1,2.2,Hybrid
EMP-0221,Engineering,2.5,112515.31,4,5.9,Full Remote
EMP-0222,Product,0.8,105712.31,5,7.2,Full Remote
EMP-0223,Marketing,6.6,103005.17,2,3.3,Hybrid
EMP-0224,Sales,3.7,100918.83,4,5.6,Full Remote
EMP-0225,Sales,3.7,120729.54,4,7.5,On-Site
EMP-0226,Marketing,8.3,98462.3,1,2.3,Full Remote
EMP-0227,Engineering,8.4,145451.87,4,7.9,Hybrid
EMP-0228,Engineering,2.3,149910.69,4,6.2,Full Remote
EMP-0229,Engineering,4.3,126110.77,4,6.3,On-Site
EMP-0230,Engineering,6.7,142732.75,3,4.5,Full Remote
EMP-0231,Sales,4.0,104622.36,5,8.1,On-Site
EMP-0232,Engineering,3.9,155971.39,4,7.0,Full Remote
EMP-0233,Sales,1.5,106643.03,3,4.9,On-Site
EMP-0234,Product,9.3,138404.57,4,6.5,Full Remote
EMP-0235,Marketing,3.2,77866.27,3,4.7,On-Site
EMP-0236,Engineering,6.8,144595.81,2,3.4,Hybrid
EMP-0237,Sales,2.6,90033.65,5,8.2,Full Remote
EMP-0238,Marketing,5.6,92432.68,2,4.5,Hybrid
EMP-0239,Customer Success,1.1,60594.69,3,5.4,Full Remote
EMP-0240,Engineering,5.0,153633.19,4,6.6,Full Remote
EMP-0241,Sales,6.7,100196.26,4,6.8,Full Remote
EMP-0242,Sales,6.1,98782.64,3,5.9,On-Site
EMP-0243,Product,3.6,122134.2,3,6.2,On-Site
EMP-0244,Marketing,1.7,90188.07,3,4.8,Full Remote
EMP-0245,Customer Success,3.1,65312.54,4,6.0,Full Remote
EMP-0246,Customer Success,5.7,75205.22,2,4.4,Full Remote
EMP-0247,Marketing,7.7,100235.02,4,7.0,On-Site
EMP-0248,Engineering,5.5,150056.25,3,5.2,Hybrid
EMP-0249,Marketing,2.4,90952.58,2,3.2,Full Remote
EMP-0250,Engineering,7.3,165376.76,4,7.6,Hybrid
EMP-0251,Product,2.6,131830.93,3,5.0,On-Site
EMP-0252,Customer Success,1.2,74168.75,1,1.4,Hybrid
EMP-0253,Customer Success,4.9,76101.02,3,4.2,Full Remote
EMP-0254,Customer Success,2.7,69874.95,3,5.7,Full Remote
EMP-0255,Engineering,6.2,165053.69,5,8.6,Hybrid
EMP-0256,Engineering,2.9,145348.83,4,6.6,On-Site
EMP-0257,Customer Success,8.0,90027.94,5,8.9,Full Remote
EMP-0258,Sales,9.2,102633.97,4,6.9,Full Remote
EMP-0259,Engineering,8.7,150244.54,3,6.0,Full Remote
EMP-0260,Marketing,4.1,89754.76,3,4.5,Hybrid
EMP-0261,Marketing,2.7,76649.13,3,5.8,Hybrid
EMP-0262,Engineering,8.9,170278.0,3,4.8,Hybrid
EMP-0263,Engineering,2.1,138036.84,3,5.0,Hybrid
EMP-0264,Human Resources,5.9,91065.12,3,6.1,On-Site
EMP-0265,Sales,2.1,96142.04,1,2.5,Hybrid
EMP-0266,Sales,1.0,77646.56,4,7.7,Full Remote
EMP-0267,Sales,1.9,74710.42,3,4.8,Full Remote
EMP-0268,Sales,5.8,81874.45,1,1.9,Full Remote
EMP-0269,Customer Success,1.0,70710.13,3,4.2,Hybrid
EMP-0270,Engineering,4.8,151135.88,4,7.2,On-Site
EMP-0271,Sales,6.5,87169.93,4,7.9,Hybrid
EMP-0272,Engineering,3.1,123136.1,3,4.9,On-Site
EMP-0273,Marketing,2.3,93125.75,4,6.7,Hybrid
EMP-0274,Engineering,9.2,163210.75,4,7.6,Full Remote
EMP-0275,Engineering,8.7,168026.64,3,4.1,Hybrid
EMP-0276,Engineering,5.5,139467.2,3,5.7,Full Remote
EMP-0277,Engineering,5.2,132927.03,4,7.5,On-Site
EMP-0278,Engineering,4.5,144829.83,3,4.9,Full Remote
EMP-0279,Product,0.5,110462.12,2,4.1,Full Remote
EMP-0280,Marketing,6.2,105099.08,3,6.1,Hybrid
EMP-0281,Sales,1.2,75809.03,3,5.9,Full Remote
EMP-0282,Engineering,1.7,150747.5,4,6.2,Full Remote
EMP-0283,Product,5.3,124626.21,3,5.7,On-Site
EMP-0284,Customer Success,2.5,75377.98,3,4.2,On-Site
EMP-0285,Product,7.1,146510.28,4,7.7,Hybrid
EMP-0286,Product,7.9,140259.24,4,5.5,Full Remote
EMP-0287,Engineering,9.0,154433.71,3,4.8,Full Remote
EMP-0288,Sales,1.8,86421.45,3,4.6,Hybrid
EMP-0289,Sales,8.7,98621.75,3,6.1,Full Remote
EMP-0290,Product,1.1,99004.27,3,6.0,Hybrid
EMP-0291,Engineering,3.0,149667.57,1,1.7,Hybrid
EMP-0292,Product,5.5,126735.02,5,8.7,Full Remote
EMP-0293,Engineering,8.2,145210.76,2,4.3,Full Remote
EMP-0294,Engineering,1.3,117403.51,1,1.5,On-Site
EMP-0295,Engineering,0.9,124076.33,3,4.8,Full Remote
EMP-0296,Engineering,8.6,172446.9,3,5.1,On-Site
EMP-0297,Engineering,5.4,153344.04,5,8.2,Hybrid
EMP-0298,Product,6.5,130217.8,3,5.5,On-Site
EMP-0299,Sales,7.8,101789.43,3,4.9,Hybrid
EMP-0300,Customer Success,8.0,87222.93,3,4.1,Full Remote
EMP-0301,Sales,4.0,108137.34,5,7.1,Hybrid
EMP-0302,Human Resources,3.3,88403.28,5,7.9,Hybrid
EMP-0303,Marketing,3.9,94693.94,4,7.8,On-Site
EMP-0304,Engineering,4.1,132793.72,1,2.5,Hybrid
EMP-0305,Engineering,6.9,135042.18,4,5.7,Full Remote
EMP-0306,Sales,7.9,122681.52,3,5.3,On-Site
EMP-0307,Sales,8.9,105277.41,4,7.0,Full Remote
EMP-0308,Engineering,7.3,133959.86,2,2.7,Hybrid
EMP-0309,Product,3.0,115558.41,3,6.3,Full Remote
EMP-0310,Human Resources,8.4,92572.57,3,5.1,Hybrid
EMP-0311,Engineering,4.4,135315.27,3,4.9,Full Remote
EMP-0312,Marketing,2.3,87557.8,3,5.1,Full Remote
EMP-0313,Product,2.1,119805.73,5,7.3,On-Site
EMP-0314,Human Resources,6.8,98386.21,5,8.0,Full Remote
EMP-0315,Engineering,6.7,150778.86,3,6.3,On-Site
EMP-0316,Product,5.5,116518.1,4,6.1,On-Site
EMP-0317,Customer Success,4.0,66819.4,3,5.6,On-Site
EMP-0318,Customer Success,2.9,80336.81,4,6.8,Hybrid
EMP-0319,Product,5.2,133863.97,3,4.6,Full Remote
EMP-0320,Sales,9.4,118541.11,2,3.3,Full Remote
EMP-0321,Customer Success,6.3,74452.8,3,5.8,Full Remote
EMP-0322,Product,8.3,124549.47,4,7.1,On-Site
EMP-0323,Marketing,3.1,80634.67,4,6.0,Hybrid
EMP-0324,Sales,4.9,109123.92,3,5.0,Full Remote
EMP-0325,Engineering,2.4,127984.69,5,8.1,Full Remote
EMP-0326,Customer Success,3.5,74452.71,4,7.3,On-Site
EMP-0327,Engineering,6.3,161739.05,1,2.6,Hybrid
EMP-0328,Engineering,6.9,162228.98,3,4.6,On-Site
EMP-0329,Sales,3.6,86852.27,5,7.5,Hybrid
EMP-0330,Sales,4.7,112598.84,4,7.0,On-Site
EMP-0331,Engineering,4.0,119888.59,4,6.6,On-Site
EMP-0332,Marketing,7.2,113239.74,4,7.2,Full Remote
EMP-0333,Sales,2.9,89849.84,2,2.8,Full Remote
EMP-0334,Product,3.2,118380.26,4,7.1,Full Remote
EMP-0335,Marketing,5.1,92671.06,3,5.1,On-Site
EMP-0336,Product,4.6,130584.06,3,5.3,Full Remote
EMP-0337,Engineering,4.8,158960.2,3,5.1,Hybrid
EMP-0338,Engineering,4.3,119346.68,4,5.6,Full Remote
EMP-0339,Sales,1.7,106515.32,2,3.7,Full Remote
EMP-0340,Sales,5.5,101492.22,3,6.2,Hybrid
EMP-0341,Engineering,8.5,160636.39,4,6.4,Full Remote
EMP-0342,Engineering,5.1,161479.97,4,7.3,Full Remote
EMP-0343,Product,3.7,113477.52,3,4.7,Hybrid
EMP-0344,Marketing,6.5,106772.78,4,6.0,Hybrid
EMP-0345,Product,2.8,133431.5,4,7.9,Full Remote
EMP-0346,Marketing,1.4,69902.71,2,3.6,Full Remote
EMP-0347,Engineering,4.5,120318.6,4,7.8,On-Site
EMP-0348,Engineering,2.4,147670.28,2,3.2,Hybrid
EMP-0349,Sales,4.1,97506.65,3,4.8,On-Site
EMP-0350,Engineering,7.8,142007.79,4,5.8,On-Site
EMP-0351,Customer Success,7.7,87982.79,3,5.0,On-Site
EMP-0352,Engineering,0.6,133891.42,3,3.9,On-Site
EMP-0353,Customer Success,8.8,94368.76,2,2.5,On-Site
EMP-0354,Product,4.0,123104.15,3,4.5,On-Site
EMP-0355,Marketing,2.7,99417.1,5,8.5,On-Site
EMP-0356,Engineering,2.7,144550.76,3,4.4,Hybrid
EMP-0357,Engineering,6.9,152688.39,4,6.9,Hybrid
EMP-0358,Sales,7.0,127528.57,3,5.5,Hybrid
EMP-0359,Sales,8.4,110227.99,3,4.0,Hybrid
EMP-0360,Product,2.4,129140.27,3,5.5,Full Remote
EMP-0361,Product,7.9,152545.14,4,7.0,Hybrid
EMP-0362,Sales,5.7,123127.72,3,6.2,Full Remote
EMP-0363,Sales,4.6,81783.47,4,7.6,On-Site
EMP-0364,Sales,5.4,107986.84,3,5.8,Full Remote
EMP-0365,Customer Success,8.8,91520.7,3,4.7,Hybrid
EMP-0366,Product,1.9,123027.5,3,6.1,Full Remote
EMP-0367,Sales,4.0,111860.95,2,4.5,On-Site
EMP-0368,Product,3.2,140052.92,3,6.1,Full Remote
EMP-0369,Engineering,1.8,142152.57,1,1.4,On-Site
EMP-0370,Product,6.2,125996.57,5,7.0,Full Remote
EMP-0371,Sales,9.0,103140.31,4,6.5,Hybrid
EMP-0372,Engineering,7.3,137859.71,4,7.5,Full Remote
EMP-0373,Sales,4.5,98698.85,4,6.1,Hybrid
EMP-0374,Product,0.7,123404.16,3,5.2,Full Remote
EMP-0375,Engineering,1.8,116355.02,3,5.0,Hybrid
EMP-0376,Customer Success,3.3,80846.67,2,2.8,Full Remote
EMP-0377,Engineering,7.5,170664.71,1,2.1,Hybrid
EMP-0378,Engineering,6.3,165369.5,3,4.8,Full Remote
EMP-0379,Product,7.9,146075.6,3,4.6,Hybrid
EMP-0380,Sales,5.2,94945.15,3,5.6,Hybrid
EMP-0381,Sales,8.8,124135.85,2,2.2,Full Remote
EMP-0382,Marketing,4.9,100524.57,5,8.3,Full Remote
EMP-0383,Human Resources,2.5,80832.94,2,4.3,Hybrid
EMP-0384,Sales,4.9,93276.25,3,5.1,On-Site
EMP-0385,Engineering,5.6,138128.6,3,5.1,On-Site
EMP-0386,Product,6.8,136655.62,3,4.8,On-Site
EMP-0387,Product,4.7,141088.83,3,6.1,Full Remote
EMP-0388,Human Resources,5.6,84674.43,5,8.6,On-Site
EMP-0389,Marketing,6.6,107050.64,3,4.8,Full Remote
EMP-0390,Engineering,1.2,139068.98,3,4.2,On-Site
EMP-0391,Product,5.4,114973.45,3,5.4,Full Remote
EMP-0392,Marketing,1.3,74765.93,2,2.6,Full Remote
EMP-0393,Sales,7.1,105193.9,2,3.7,Full Remote
EMP-0394,Product,4.5,122024.95,3,5.8,Hybrid
EMP-0395,Engineering,6.5,140774.31,3,4.7,Hybrid
EMP-0396,Engineering,7.0,161106.74,5,7.0,Hybrid
EMP-0397,Sales,3.8,101335.78,3,4.2,Full Remote
EMP-0398,Product,6.1,118479.7,3,5.5,On-Site
EMP-0399,Engineering,5.2,153120.94,3,6.2,Hybrid
EMP-0400,Sales,1.6,67555.11,5,8.3,Hybrid
EMP-0401,Product,8.1,144587.51,2,4.2,On-Site
EMP-0402,Product,8.1,138517.41,3,4.8,On-Site
EMP-0403,Customer Success,4.0,68145.43,3,5.7,On-Site
EMP-0404,Engineering,8.0,167409.94,3,6.0,Full Remote
EMP-0405,Engineering,3.3,138973.83,4,5.4,On-Site
EMP-0406,Sales,4.6,82078.93,4,5.9,On-Site
EMP-0407,Engineering,2.9,130505.6,3,5.5,On-Site
EMP-0408,Sales,3.8,90597.69,3,5.7,On-Site
EMP-0409,Engineering,7.6,163653.84,3,5.7,Full Remote
EMP-0410,Engineering,5.6,149572.61,4,7.4,Hybrid
EMP-0411,Sales,4.4,118305.59,4,7.9,Hybrid
EMP-0412,Sales,9.3,124989.28,4,5.7,On-Site
EMP-0413,Engineering,2.9,121689.02,4,7.1,Full Remote
EMP-0414,Human Resources,6.9,91300.91,3,4.4,Hybrid
EMP-0415,Engineering,6.0,157756.12,3,4.8,On-Site
EMP-0416,Product,7.9,142247.41,2,4.4,Full Remote
EMP-0417,Engineering,3.6,115697.92,4,6.6,Hybrid
EMP-0418,Sales,4.3,96459.94,4,6.4,Full Remote
EMP-0419,Engineering,8.4,153270.51,3,4.2,Hybrid
EMP-0420,Customer Success,4.4,77458.27,3,3.9,On-Site
EMP-0421,Engineering,6.1,151370.76,3,5.6,On-Site
EMP-0422,Engineering,7.9,164485.57,5,8.6,Hybrid
EMP-0423,Sales,7.3,92661.22,3,5.1,On-Site
EMP-0424,Customer Success,1.9,65858.2,1,2.4,Full Remote
EMP-0425,Marketing,8.3,98400.04,2,3.0,Hybrid
EMP-0426,Sales,8.4,120292.72,4,5.5,On-Site
EMP-0427,Customer Success,2.5,76206.73,4,6.8,Hybrid
EMP-0428,Sales,8.9,99581.8,2,4.4,Hybrid
EMP-0429,Engineering,4.8,149464.22,3,4.9,Hybrid
EMP-0430,Sales,2.8,90466.45,4,7.1,On-Site
EMP-0431,Sales,6.4,100126.84,2,3.6,On-Site
EMP-0432,Sales,2.7,88292.24,3,4.5,Full Remote
EMP-0433,Engineering,7.3,131614.76,2,2.7,On-Site
EMP-0434,Sales,6.9,85260.42,4,7.1,On-Site
EMP-0435,Marketing,2.2,74301.43,4,5.8,On-Site
EMP-0436,Engineering,4.6,149755.13,4,6.0,Full Remote
EMP-0437,Product,8.8,154890.15,2,2.6,On-Site
EMP-0438,Engineering,5.9,127435.73,4,7.8,On-Site
EMP-0439,Product,4.8,135742.99,2,3.9,On-Site
EMP-0440,Sales,5.4,117351.7,3,5.2,On-Site
EMP-0441,Sales,1.8,108283.38,3,5.8,On-Site
EMP-0442,Sales,4.8,101000.37,5,8.9,Hybrid
EMP-0443,Marketing,9.4,116887.17,3,5.3,Full Remote
EMP-0444,Human Resources,9.1,108563.5,3,3.8,Hybrid
EMP-0445,Engineering,2.0,133565.21,3,3.8,Full Remote
EMP-0446,Marketing,2.5,73368.85,4,6.2,On-Site
EMP-0447,Marketing,4.0,90452.79,5,8.6,Full Remote
EMP-0448,Sales,0.7,68360.05,3,4.2,On-Site
EMP-0449,Engineering,6.3,165349.93,3,5.8,On-Site
EMP-0450,Engineering,5.2,152518.49,3,4.0,On-Site
EMP-0451,Marketing,7.2,100034.17,3,4.5,Full Remote
EMP-0452,Sales,4.6,86169.56,2,4.4,On-Site
EMP-0453,Engineering,7.4,151193.61,2,4.7,On-Site
EMP-0454,Engineering,1.4,116505.71,1,1.0,Full Remote
EMP-0455,Engineering,5.9,144274.9,4,7.2,On-Site
EMP-0456,Engineering,7.3,128171.95,4,7.7,On-Site
EMP-0457,Engineering,4.2,121590.63,3,5.6,Full Remote
EMP-0458,Human Resources,7.0,102344.5,2,3.9,Full Remote
EMP-0459,Engineering,2.2,113943.18,5,7.2,Full Remote
EMP-0460,Customer Success,4.7,87227.98,3,5.5,Full Remote
EMP-0461,Engineering,5.1,156243.59,5,7.8,On-Site
EMP-0462,Product,6.4,123117.15,4,7.0,Hybrid
EMP-0463,Engineering,6.7,136873.7,3,4.0,Full Remote
EMP-0464,Customer Success,3.0,68883.37,2,2.5,On-Site
EMP-0465,Sales,6.2,102711.89,4,6.4,Full Remote
EMP-0466,Customer Success,8.1,92016.46,3,5.0,Full Remote
EMP-0467,Marketing,1.5,79525.47,3,5.3,On-Site
EMP-0468,Marketing,5.1,83067.38,3,4.3,Hybrid
EMP-0469,Engineering,7.2,147219.03,1,2.0,Full Remote
EMP-0470,Engineering,8.6,169522.35,3,5.3,Hybrid
EMP-0471,Sales,7.8,110482.03,3,4.4,Hybrid
EMP-0472,Sales,7.7,133655.66,4,7.8,Hybrid
EMP-0473,Engineering,0.9,126332.63,4,7.8,On-Site
EMP-0474,Engineering,0.6,110553.22,5,9.0,Hybrid
EMP-0475,Sales,3.6,80461.08,4,5.9,On-Site
EMP-0476,Product,5.1,129940.15,3,5.9,Hybrid
EMP-0477,Engineering,3.8,157699.86,4,6.9,Full Remote
EMP-0478,Customer Success,6.9,78019.59,1,1.0,Full Remote
EMP-0479,Engineering,5.3,156513.16,5,9.0,Hybrid
EMP-0480,Engineering,3.6,115112.32,3,4.9,Full Remote
EMP-0481,Sales,5.0,111554.45,3,5.9,Hybrid
EMP-0482,Marketing,2.9,86840.4,3,5.6,On-Site
EMP-0483,Product,4.3,118891.22,3,6.1,On-Site
EMP-0484,Engineering,0.6,109608.22,3,5.7,Full Remote
EMP-0485,Sales,1.2,113210.68,4,6.9,Full Remote
EMP-0486,Engineering,3.0,126220.53,3,6.1,Full Remote
EMP-0487,Sales,0.9,68733.37,4,6.3,On-Site
EMP-0488,Product,8.2,152305.45,3,6.1,Full Remote
EMP-0489,Engineering,3.9,134910.05,5,9.3,Full Remote
EMP-0490,Customer Success,5.3,71258.38,5,7.6,Full Remote
EMP-0491,Engineering,7.8,163593.94,3,6.0,On-Site
EMP-0492,Engineering,2.8,122920.23,3,4.4,Hybrid
EMP-0493,Engineering,4.7,133486.72,1,1.6,Hybrid
EMP-0494,Engineering,1.2,135567.65,5,8.5,Hybrid
EMP-0495,Engineering,8.5,139573.31,4,6.8,Full Remote
EMP-0496,Sales,4.6,81894.67,2,4.5,Hybrid
EMP-0497,Sales,6.7,102601.24,4,6.5,On-Site
EMP-0498,Engineering,3.2,150059.88,2,3.6,On-Site
EMP-0499,Engineering,5.3,163466.33,5,7.7,On-Site
EMP-0500,Sales,7.5,88463.19,3,6.2,On-Site
EMP-0501,Customer Success,9.4,100849.12,5,7.3,On-Site
EMP-0502,Engineering,7.6,154620.85,3,6.0,Full Remote
EMP-0503,Sales,7.5,134865.08,3,5.8,Hybrid
EMP-0504,Human Resources,3.1,85287.89,3,4.3,Full Remote
EMP-0505,Engineering,7.4,164863.74,4,6.9,Hybrid
EMP-0506,Human Resources,2.1,67679.81,3,3.9,On-Site
EMP-0507,Sales,3.4,121411.71,5,7.4,Full Remote
EMP-0508,Customer Success,7.7,96256.89,3,5.8,Full Remote
EMP-0509,Engineering,7.7,160631.98,5,8.5,Full Remote
EMP-0510,Engineering,9.3,146758.18,3,6.2,Full Remote
EMP-0511,Sales,2.2,102331.75,2,3.9,Hybrid
EMP-0512,Sales,8.1,89169.36,1,1.8,Full Remote
EMP-0513,Product,4.0,119539.05,3,6.0,Hybrid
EMP-0514,Engineering,4.7,126972.16,2,2.7,Hybrid
EMP-0515,Product,7.8,133773.77,2,3.5,Full Remote
EMP-0516,Sales,3.0,91555.46,1,1.6,On-Site
EMP-0517,Customer Success,6.2,87831.28,5,7.6,On-Site
EMP-0518,Marketing,1.6,86280.04,4,5.9,Hybrid
EMP-0519,Sales,4.0,93166.91,3,5.2,Hybrid
EMP-0520,Sales,4.8,121710.01,1,1.5,Hybrid
EMP-0521,Product,5.4,143968.59,3,5.8,Full Remote
EMP-0522,Engineering,8.1,148835.2,3,4.2,Hybrid
EMP-0523,Engineering,6.6,130100.94,3,4.0,Hybrid
EMP-0524,Sales,9.5,143315.48,4,6.1,On-Site
EMP-0525,Engineering,1.6,135426.48,3,4.5,Full Remote
EMP-0526,Human Resources,8.1,94258.42,3,4.3,On-Site
EMP-0527,Sales,6.5,110425.75,3,4.4,On-Site
EMP-0528,Engineering,8.7,149350.62,3,4.0,Full Remote
EMP-0529,Customer Success,8.2,84551.71,5,8.9,Full Remote
EMP-0530,Sales,7.5,117208.51,5,8.3,Hybrid
EMP-0531,Sales,4.4,102680.08,4,7.1,Hybrid
EMP-0532,Customer Success,9.0,94725.84,3,5.3,On-Site
EMP-0533,Customer Success,7.7,83207.02,3,5.9,On-Site
EMP-0534,Engineering,9.4,139868.48,3,5.4,On-Site
EMP-0535,Engineering,8.7,157008.9,4,5.7,Hybrid
EMP-0536,Marketing,5.7,86518.26,1,3.0,Hybrid
EMP-0537,Sales,9.3,95896.59,5,9.4,Full Remote
EMP-0538,Marketing,6.1,106777.04,3,6.0,Full Remote
EMP-0539,Engineering,0.6,128168.01,3,4.0,Full Remote
EMP-0540,Engineering,5.4,156238.06,3,5.6,Full Remote
EMP-0541,Engineering,1.8,121258.62,2,4.0,Hybrid
EMP-0542,Sales,1.6,116541.61,5,7.2,Hybrid
EMP-0543,Engineering,7.5,154601.43,2,2.3,Hybrid
EMP-0544,Product,1.8,129362.16,1,3.0,Hybrid
EMP-0545,Product,8.0,129170.43,3,5.1,Hybrid
EMP-0546,Engineering,8.7,157523.76,2,3.2,Full Remote
EMP-0547,Sales,6.2,130171.92,3,3.9,Hybrid
EMP-0548,Engineering,0.7,105487.66,3,5.2,On-Site
EMP-0549,Sales,9.0,134467.76,4,5.7,Hybrid
EMP-0550,Customer Success,1.4,59797.02,3,5.7,Hybrid
EMP-0551,Product,0.8,121089.83,3,5.5,On-Site
EMP-0552,Engineering,0.5,132096.12,5,7.6,On-Site
EMP-0553,Product,4.7,120267.61,4,5.8,Full Remote
EMP-0554,Customer Success,3.7,79470.02,3,4.7,On-Site
EMP-0555,Sales,1.9,69489.18,3,5.1,Hybrid
EMP-0556,Engineering,1.2,117198.73,3,5.3,On-Site
EMP-0557,Engineering,4.6,160471.06,3,4.9,On-Site
EMP-0558,Product,3.3,132058.4,4,5.5,Full Remote
EMP-0559,Engineering,4.8,130226.2,2,3.9,On-Site
EMP-0560,Engineering,2.4,151736.9,3,5.4,Hybrid
EMP-0561,Sales,6.8,116779.08,3,4.2,On-Site
EMP-0562,Product,1.3,131023.76,3,6.3,Full Remote
EMP-0563,Engineering,0.6,110283.15,5,8.9,Hybrid
EMP-0564,Engineering,2.4,147847.1,4,6.2,On-Site
EMP-0565,Marketing,5.1,93600.06,5,8.1,On-Site
EMP-0566,Customer Success,4.8,86552.86,3,5.9,On-Site
EMP-0567,Sales,5.5,94836.23,2,3.0,On-Site
EMP-0568,Sales,3.8,90879.51,2,2.7,Full Remote
EMP-0569,Engineering,2.7,154272.59,3,6.3,Full Remote
EMP-0570,Sales,7.3,125502.5,3,4.5,On-Site
EMP-0571,Product,4.1,138690.02,3,4.2,On-Site
EMP-0572,Engineering,1.7,126821.47,2,3.8,On-Site
EMP-0573,Sales,5.8,109194.19,3,5.4,Full Remote
EMP-0574,Engineering,8.6,140733.8,3,5.6,On-Site
EMP-0575,Human Resources,3.8,87153.07,3,4.5,Hybrid
EMP-0576,Engineering,3.1,144958.27,3,4.3,Full Remote
EMP-0577,Sales,3.2,87753.95,4,6.2,Hybrid
EMP-0578,Product,5.6,132103.98,3,4.6,Hybrid
EMP-0579,Marketing,1.5,86289.25,4,6.1,Hybrid
EMP-0580,Marketing,0.6,68242.1,3,4.2,Full Remote
EMP-0581,Product,1.4,112308.56,3,4.4,Hybrid
EMP-0582,Product,4.5,121787.63,3,3.9,On-Site
EMP-0583,Engineering,5.4,132413.45,3,3.9,Full Remote
EMP-0584,Engineering,2.0,147961.84,4,6.0,Full Remote
EMP-0585,Sales,1.8,91483.27,4,6.7,Hybrid
EMP-0586,Engineering,7.6,135454.92,2,2.6,Full Remote
EMP-0587,Customer Success,7.2,92035.84,2,3.5,Full Remote
EMP-0588,Product,4.1,130078.19,2,4.5,Hybrid
EMP-0589,Sales,2.9,93318.1,2,3.7,Full Remote
EMP-0590,Engineering,0.6,130460.67,3,4.7,On-Site
EMP-0591,Marketing,2.8,88670.87,4,7.9,On-Site
EMP-0592,Engineering,2.3,130603.52,2,2.8,On-Site
EMP-0593,Customer Success,4.4,85060.89,3,4.4,Full Remote
EMP-0594,Sales,4.6,112976.46,1,1.7,Hybrid
EMP-0595,Engineering,7.2,147840.6,4,6.7,On-Site
EMP-0596,Sales,1.5,96600.95,3,5.1,Full Remote
EMP-0597,Sales,9.0,100505.41,3,4.3,Hybrid
EMP-0598,Sales,1.3,84205.22,2,2.5,Hybrid
EMP-0599,Engineering,9.0,134890.51,3,5.7,Full Remote
EMP-0600,Human Resources,7.3,100105.29,3,4.1,Hybrid
EMP-0601,Engineering,4.6,146567.11,3,4.8,Full Remote
EMP-0602,Product,1.5,111148.96,3,5.9,Hybrid
EMP-0603,Sales,7.3,130805.11,3,5.1,On-Site
EMP-0604,Engineering,7.3,152211.49,1,1.4,Full Remote
EMP-0605,Engineering,1.5,130519.13,3,5.3,Full Remote
EMP-0606,Engineering,1.4,109461.72,1,1.0,On-Site
EMP-0607,Engineering,9.2,138148.04,2,4.5,Hybrid
EMP-0608,Marketing,2.6,85553.4,4,6.8,On-Site
EMP-0609,Engineering,9.5,140331.37,2,3.3,On-Site
EMP-0610,Product,1.7,127699.49,3,4.7,Full Remote
EMP-0611,Engineering,4.6,130699.84,3,4.2,On-Site
EMP-0612,Engineering,0.9,111521.54,4,7.0,On-Site
EMP-0613,Engineering,6.0,139647.47,3,4.3,On-Site
EMP-0614,Sales,4.1,99144.16,5,7.3,Full Remote
EMP-0615,Engineering,7.0,128871.73,3,4.0,Full Remote
EMP-0616,Engineering,3.9,156094.41,2,3.6,Full Remote
EMP-0617,Sales,5.1,79922.14,3,5.5,On-Site
EMP-0618,Engineering,5.6,164562.81,3,5.8,Hybrid
EMP-0619,Product,4.0,133928.85,4,5.7,Full Remote
EMP-0620,Engineering,4.7,136805.33,1,3.1,Hybrid
EMP-0621,Product,2.2,128327.42,4,7.8,Full Remote
EMP-0622,Engineering,1.4,118285.21,5,7.7,Full Remote
EMP-0623,Marketing,8.0,117810.33,5,9.4,Full Remote
EMP-0624,Human Resources,9.0,105853.45,3,6.2,Full Remote
EMP-0625,Engineering,1.8,136878.79,3,4.9,Full Remote
EMP-0626,Sales,1.9,102460.31,4,7.4,Hybrid
EMP-0627,Engineering,2.8,150093.71,3,4.9,Full Remote
EMP-0628,Customer Success,2.1,59678.37,4,7.1,On-Site
EMP-0629,Sales,3.9,115938.16,3,4.4,Hybrid
EMP-0630,Customer Success,4.1,84599.84,4,5.7,Hybrid
EMP-0631,Customer Success,3.9,74442.15,4,6.9,Full Remote
EMP-0632,Sales,8.1,131639.21,5,7.1,On-Site
EMP-0633,Customer Success,5.9,91499.31,3,4.4,Hybrid
EMP-0634,Sales,7.2,95908.1,3,5.1,Full Remote
EMP-0635,Marketing,2.5,76940.55,2,3.9,On-Site
EMP-0636,Engineering,9.4,173726.12,5,8.4,Hybrid
EMP-0637,Engineering,5.0,145951.88,2,3.3,Hybrid
EMP-0638,Sales,4.5,107337.36,5,7.5,Hybrid
EMP-0639,Sales,3.4,98766.67,4,5.4,On-Site
EMP-0640,Human Resources,0.6,79414.69,3,6.3,Hybrid
EMP-0641,Marketing,2.1,80621.52,4,7.5,On-Site
EMP-0642,Marketing,4.1,88128.31,3,4.7,Hybrid
EMP-0643,Sales,1.3,74313.77,3,5.6,Hybrid
EMP-0644,Marketing,7.7,101446.56,3,3.9,On-Site
EMP-0645,Engineering,7.3,136577.13,3,3.9,Full Remote
EMP-0646,Customer Success,3.9,81344.13,2,4.4,Full Remote
EMP-0647,Product,7.1,150051.94,3,3.9,Full Remote
EMP-0648,Engineering,0.8,143084.1,3,4.8,On-Site
EMP-0649,Sales,7.6,123019.12,4,7.1,Full Remote
EMP-0650,Customer Success,1.9,59562.46,3,4.7,Full Remote
